{
  "type": "FeatureCollection",
  "features": [
    {
      "type": "Feature",
      "id": "부산 기장",
      "properties": {
        "code": "21310",
        "name": "기장군",
        "name_eng": "Gijang-gun",
        "base_year": "2013"
      },
      "geometry": {
        "type": "Polygon",
        "coordinates": [
          [
            [
              129.2052495079534,
              35.384810829415144
            ],
            [
              129.21999816556436,
              35.37561304214919
            ],
            [
              129.26755198854022,
              35.38341226661066
            ],
            [
              129.2857909875702,
              35.35965182306521
            ],
            [
              129.2821380596251,
              35.33844963971255
            ],
            [
              129.30681468573164,
              35.32644771030098
            ],
            [
              129.2675569665142,
              35.31604143854397
            ],
            [
              129.26275266580004,
              35.27831941566859
            ],
            [
              129.24546065083584,
              35.26120427164311
            ],
            [
              129.25565431808167,
              35.243593230216504
            ],
            [
              129.23550974472084,
              35.21139611410482
            ],
            [
              129.22731336081907,
              35.1832196018314
            ],
            [
              129.2101963573097,
              35.178863012450506
            ],
            [
              129.20926574987496,
              35.193858050365115
            ],
            [
              129.1712609088194,
              35.19779178977021
            ],
            [
              129.15946955367855,
              35.2060010318845
            ],
            [
              129.17178499322435,
              35.223012034403986
            ],
            [
              129.14655608246483,
              35.247653331651605
            ],
            [
              129.12164255688836,
              35.25901943210027
            ],
            [
              129.13319938099133,
              35.28806061304754
            ],
            [
              129.11118519837342,
              35.3020008422989
            ],
            [
              129.129539414005,
              35.34198080167179
            ],
            [
              129.1506336662476,
              35.36110436695007
            ],
            [
              129.17680621659036,
              35.3484027015526
            ],
            [
              129.19576785879062,
              35.35784840037249
            ],
            [
              129.2052495079534,
              35.384810829415144
            ]
          ]
        ]
      }
    },
    {
      "type": "Feature",
      "id": "부산 사상",
      "properties": {
        "code": "21150",
        "name": "사상구",
        "name_eng": "Sasang-gu",
        "base_year": "2013"
      },
      "geometry": {
        "type": "Polygon",
        "coordinates": [
          [
            [
              129.0234018345164,
              35.184671115375444
            ],
            [
              129.0119835889874,
              35.169869443699376
            ],
            [
              129.01820102230758,
              35.152628421746215
            ],
            [
              129.0135788576788,
              35.135103607145254
            ],
            [
              129.00022374007818,
              35.11946099639376
            ],
            [
              128.9820777040685,
              35.11366639930547
            ],
            [
              128.95913076036766,
              35.124219702379115
            ],
            [
              128.9636709301795,
              35.1363549922296
            ],
            [
              128.96426747269928,
              35.178900913126405
            ],
            [
              128.9904400669661,
              35.19415982837314
            ],
            [
              129.0234018345164,
              35.184671115375444
            ]
          ]
        ]
      }
    },
    {
      "type": "Feature",
      "id": "부산 수영",
      "properties": {
        "code": "21140",
        "name": "수영구",
        "name_eng": "Suyeong-gu",
        "base_year": "2013"
      },
      "geometry": {
        "type": "Polygon",
        "coordinates": [
          [
            [
              129.1177825437272,
              35.18474986968091
            ],
            [
              129.13471990166934,
              35.15862391738608
            ],
            [
              129.13259078448158,
              35.14489993585395
            ],
            [
              129.1330126619044,
              35.144628480471646
            ],
            [
              129.11407531686095,
              35.13239055954014
            ],
            [
              129.09708740967687,
              35.15865712330472
            ],
            [
              129.0996874672571,
              35.17643982728502
            ],
            [
              129.11742196747971,
              35.1801022299339
            ],
            [
              129.1177825437272,
              35.18474986968091
            ]
          ]
        ]
      }
    },
    {
      "type": "Feature",
      "id": "부산 연제",
      "properties": {
        "code": "21130",
        "name": "연제구",
        "name_eng": "Yeonje-gu",
        "base_year": "2013"
      },
      "geometry": {
        "type": "Polygon",
        "coordinates": [
          [
            [
              129.11742196747971,
              35.1801022299339
            ],
            [
              129.0996874672571,
              35.17643982728502
            ],
            [
              129.09708740967687,
              35.15865712330472
            ],
            [
              129.08519379835508,
              35.15515467950786
            ],
            [
              129.07485436008184,
              35.17641896307744
            ],
            [
              129.04994737431633,
              35.19112585048916
            ],
            [
              129.08258984394146,
              35.19618777329709
            ],
            [
              129.11742196747971,
              35.1801022299339
            ]
          ]
        ]
      }
    },
    {
      "type": "Feature",
      "id": "부산 강서",
      "properties": {
        "code": "21120",
        "name": "강서구",
        "name_eng": "Gangseo-gu",
        "base_year": "2013"
      },
      "geometry": {
        "type": "Polygon",
        "coordinates": [
          [
            [
              128.9904400669661,
              35.19415982837314
            ],
            [
              128.96426747269928,
              35.178900913126405
            ],
            [
              128.9636709301795,
              35.1363549922296
            ],
            [
              128.95913076036766,
              35.124219702379115
            ],
            [
              128.93515428134134,
              35.107196230446924
            ],
            [
              128.92339448893222,
              35.08335895052933
            ],
            [
              128.9144227043425,
              35.07637164789066
            ],
            [
              128.8370030920839,
              35.07715425463904
            ],
            [
              128.85247243637264,
              35.04869463049497
            ],
            [
              128.85179038327587,
              35.03043727294644
            ],
            [
              128.83806471052773,
              35.009784717820416
            ],
            [
              128.80804629953795,
              35.017498396072504
            ],
            [
              128.81424503248877,
              35.03706506604464
            ],
            [
              128.79885290346093,
              35.05083444037584
            ],
            [
              128.82275871368358,
              35.057587622102176
            ],
            [
              128.83301994431073,
              35.06980060489771
            ],
            [
              128.82500291365196,
              35.09572741741101
            ],
            [
              128.84432256870383,
              35.103944196538606
            ],
            [
              128.8342725962651,
              35.126445167398565
            ],
            [
              128.8043734876297,
              35.138834028483025
            ],
            [
              128.7958560372421,
              35.153972356796615
            ],
            [
              128.84559739230312,
              35.154904365922306
            ],
            [
              128.8683564387216,
              35.16375789693625
            ],
            [
              128.8838805854855,
              35.17886601768277
            ],
            [
              128.8726338499594,
              35.19863477797376
            ],
            [
              128.88638886816344,
              35.21060309846121
            ],
            [
              128.92573844127983,
              35.212977727602485
            ],
            [
              128.99986284283077,
              35.231312646551004
            ],
            [
              128.9904400669661,
              35.19415982837314
            ]
          ]
        ]
      }
    },
    {
      "type": "Feature",
      "id": "부산 금정",
      "properties": {
        "code": "21110",
        "name": "금정구",
        "name_eng": "Geumjeong-gu",
        "base_year": "2013"
      },
      "geometry": {
        "type": "Polygon",
        "coordinates": [
          [
            [
              129.05282907958596,
              35.27698602567222
            ],
            [
              129.0912145467259,
              35.30000060706805
            ],
            [
              129.11118519837342,
              35.3020008422989
            ],
            [
              129.13319938099133,
              35.28806061304754
            ],
            [
              129.12164255688836,
              35.25901943210027
            ],
            [
              129.14655608246483,
              35.247653331651605
            ],
            [
              129.11230628758815,
              35.20703612721303
            ],
            [
              129.07996846697185,
              35.223190926035926
            ],
            [
              129.06246127125198,
              35.22314656458455
            ],
            [
              129.0480039386153,
              35.23026788935419
            ],
            [
              129.05282907958596,
              35.27698602567222
            ]
          ]
        ]
      }
    },
    {
      "type": "Feature",
      "id": "부산 사하",
      "properties": {
        "code": "21100",
        "name": "사하구",
        "name_eng": "Saha-gu",
        "base_year": "2013"
      },
      "geometry": {
        "type": "Polygon",
        "coordinates": [
          [
            [
              129.00022374007818,
              35.11946099639376
            ],
            [
              129.01640565970172,
              35.090574508247194
            ],
            [
              129.00669618115077,
              35.075352708596135
            ],
            [
              129.00355071666198,
              35.045119629348555
            ],
            [
              128.9843930332529,
              35.044665657334356
            ],
            [
              128.96921882636354,
              35.030178209294
            ],
            [
              128.95315522216924,
              35.07492543907081
            ],
            [
              128.92339448893222,
              35.08335895052933
            ],
            [
              128.93515428134134,
              35.107196230446924
            ],
            [
              128.95913076036766,
              35.124219702379115
            ],
            [
              128.9820777040685,
              35.11366639930547
            ],
            [
              129.00022374007818,
              35.11946099639376
            ]
          ]
        ]
      }
    },
    {
      "type": "Feature",
      "id": "부산 해운대",
      "properties": {
        "code": "21090",
        "name": "해운대구",
        "name_eng": "Haeundae-gu",
        "base_year": "2013"
      },
      "geometry": {
        "type": "Polygon",
        "coordinates": [
          [
            [
              129.11230628758815,
              35.20703612721303
            ],
            [
              129.14655608246483,
              35.247653331651605
            ],
            [
              129.17178499322435,
              35.223012034403986
            ],
            [
              129.15946955367855,
              35.2060010318845
            ],
            [
              129.1712609088194,
              35.19779178977021
            ],
            [
              129.20926574987496,
              35.193858050365115
            ],
            [
              129.2101963573097,
              35.178863012450506
            ],
            [
              129.19648542084465,
              35.15813806486568
            ],
            [
              129.13960138849424,
              35.15372074477251
            ],
            [
              129.1330126619044,
              35.144628480471646
            ],
            [
              129.13259078448158,
              35.14489993585395
            ],
            [
              129.13471990166934,
              35.15862391738608
            ],
            [
              129.1177825437272,
              35.18474986968091
            ],
            [
              129.11230628758815,
              35.20703612721303
            ]
          ]
        ]
      }
    },
    {
      "type": "Feature",
      "id": "부산 북구",
      "properties": {
        "code": "21080",
        "name": "북구",
        "name_eng": "Buk-gu",
        "base_year": "2013"
      },
      "geometry": {
        "type": "Polygon",
        "coordinates": [
          [
            [
              129.01486888917074,
              35.2702075133084
            ],
            [
              129.05282907958596,
              35.27698602567222
            ],
            [
              129.0480039386153,
              35.23026788935419
            ],
            [
              129.06246127125198,
              35.22314656458455
            ],
            [
              129.04612823614372,
              35.195308829813435
            ],
            [
              129.0234018345164,
              35.184671115375444
            ],
            [
              128.9904400669661,
              35.19415982837314
            ],
            [
              128.99986284283077,
              35.231312646551004
            ],
            [
              129.01486888917074,
              35.2702075133084
            ]
          ]
        ]
      }
    },
    {
      "type": "Feature",
      "id": "부산 남구",
      "properties": {
        "code": "21070",
        "name": "남구",
        "name_eng": "Nam-gu",
        "base_year": "2013"
      },
      "geometry": {
        "type": "Polygon",
        "coordinates": [
          [
            [
              129.08519379835508,
              35.15515467950786
            ],
            [
              129.09708740967687,
              35.15865712330472
            ],
            [
              129.11407531686095,
              35.13239055954014
            ],
            [
              129.13019209606375,
              35.107152459159536
            ],
            [
              129.12452049156587,
              35.09674384852429
            ],
            [
              129.09685908547226,
              35.096035124501526
            ],
            [
              129.06945895613262,
              35.10460468702412
            ],
            [
              129.0675602062386,
              35.12653631124606
            ],
            [
              129.06674419740062,
              35.13830687046097
            ],
            [
              129.08519379835508,
              35.15515467950786
            ]
          ]
        ]
      }
    },
    {
      "type": "Feature",
      "id": "부산 동래",
      "properties": {
        "code": "21060",
        "name": "동래구",
        "name_eng": "Dongnae-gu",
        "base_year": "2013"
      },
      "geometry": {
        "type": "Polygon",
        "coordinates": [
          [
            [
              129.06246127125198,
              35.22314656458455
            ],
            [
              129.07996846697185,
              35.223190926035926
            ],
            [
              129.11230628758815,
              35.20703612721303
            ],
            [
              129.1177825437272,
              35.18474986968091
            ],
            [
              129.11742196747971,
              35.1801022299339
            ],
            [
              129.08258984394146,
              35.19618777329709
            ],
            [
              129.04994737431633,
              35.19112585048916
            ],
            [
              129.04612823614372,
              35.195308829813435
            ],
            [
              129.06246127125198,
              35.22314656458455
            ]
          ]
        ]
      }
    },
    {
      "type": "Feature",
      "id": "부산 부산진",
      "properties": {
        "code": "21050",
        "name": "부산진구",
        "name_eng": "Busanjin-gu",
        "base_year": "2013"
      },
      "geometry": {
        "type": "Polygon",
        "coordinates": [
          [
            [
              129.04612823614372,
              35.195308829813435
            ],
            [
              129.04994737431633,
              35.19112585048916
            ],
            [
              129.07485436008184,
              35.17641896307744
            ],
            [
              129.08519379835508,
              35.15515467950786
            ],
            [
              129.06674419740062,
              35.13830687046097
            ],
            [
              129.04315261670314,
              35.1429786438269
            ],
            [
              129.02637806857228,
              35.13093674587345
            ],
            [
              129.0135788576788,
              35.135103607145254
            ],
            [
              129.01820102230758,
              35.152628421746215
            ],
            [
              129.0119835889874,
              35.169869443699376
            ],
            [
              129.0234018345164,
              35.184671115375444
            ],
            [
              129.04612823614372,
              35.195308829813435
            ]
          ]
        ]
      }
    },
    {
      "type": "Feature",
      "id": "부산 영도",
      "properties": {
        "code": "21040",
        "name": "영도구",
        "name_eng": "Yeongdo-gu",
        "base_year": "2013"
      },
      "geometry": {
        "type": "Polygon",
        "coordinates": [
          [
            [
              129.04176289485272,
              35.09213468827581
            ],
            [
              129.0568995368996,
              35.09762864146938
            ],
            [
              129.0810981432519,
              35.08193562798648
            ],
            [
              129.0854307766472,
              35.047183403724155
            ],
            [
              129.03706484050707,
              35.08196799770966
            ],
            [
              129.03892771410605,
              35.091573848449414
            ],
            [
              129.0391831066138,
              35.09163306953136
            ],
            [
              129.04156035276466,
              35.092009945814276
            ],
            [
              129.04176289485272,
              35.09213468827581
            ]
          ]
        ]
      }
    },
    {
      "type": "Feature",
      "id": "부산 동구",
      "properties": {
        "code": "21030",
        "name": "동구",
        "name_eng": "Dong-gu",
        "base_year": "2013"
      },
      "geometry": {
        "type": "Polygon",
        "coordinates": [
          [
            [
              129.02637806857228,
              35.13093674587345
            ],
            [
              129.04315261670314,
              35.1429786438269
            ],
            [
              129.06674419740062,
              35.13830687046097
            ],
            [
              129.0675602062386,
              35.12653631124606
            ],
            [
              129.04498890939823,
              35.107633456000144
            ],
            [
              129.02839087145753,
              35.11368972340287
            ],
            [
              129.02637806857228,
              35.13093674587345
            ]
          ]
        ]
      }
    },
    {
      "type": "Feature",
      "id": "부산 서구",
      "properties": {
        "code": "21020",
        "name": "서구",
        "name_eng": "Seo-gu",
        "base_year": "2013"
      },
      "geometry": {
        "type": "Polygon",
        "coordinates": [
          [
            [
              129.0135788576788,
              35.135103607145254
            ],
            [
              129.02637806857228,
              35.13093674587345
            ],
            [
              129.02839087145753,
              35.11368972340287
            ],
            [
              129.02846842291876,
              35.0925886830201
            ],
            [
              129.0245343696217,
              35.05924689977173
            ],
            [
              129.00669618115077,
              35.075352708596135
            ],
            [
              129.01640565970172,
              35.090574508247194
            ],
            [
              129.00022374007818,
              35.11946099639376
            ],
            [
              129.0135788576788,
              35.135103607145254
            ]
          ]
        ]
      }
    },
    {
      "type": "Feature",
      "id": "부산 중구",
      "properties": {
        "code": "21010",
        "name": "중구",
        "name_eng": "Jung-gu",
        "base_year": "2013"
      },
      "geometry": {
        "type": "Polygon",
        "coordinates": [
          [
            [
              129.02839087145753,
              35.11368972340287
            ],
            [
              129.04498890939823,
              35.107633456000144
            ],
            [
              129.04176289485272,
              35.09213468827581
            ],
            [
              129.04156035276466,
              35.092009945814276
            ],
            [
              129.0391831066138,
              35.09163306953136
            ],
            [
              129.03892771410605,
              35.091573848449414
            ],
            [
              129.02846842291876,
              35.0925886830201
            ],
            [
              129.02839087145753,
              35.11368972340287
            ]
          ]
        ]
      }
    }
  ]
}